{"chat.md":"C_MrTxn_","chat_config_alipay.md":"BgXFfGOv","chat_config_mj.md":"I8U011b2","chat_config_open.md":"CzC5ONWv","chat_config_oss.md":"DquV-Zk7","chat_config_proxy.md":"B3IKZEd_","chat_config_sms.md":"mtnTSGs_","chat_config_wechatpay.md":"lUizajcA","chat_deployment_bt.md":"DDgc8SOO","chat_deployment_demo.md":"C1pEZCrR","chat_deployment_docker.md":"AtY0ilOC","chat_deployment_general.md":"Dn9cLvtJ","chat_develop_base.md":"bC8vQr5P","chat_develop_database.md":"REkJYcQt","chat_develop_web.md":"CPUTqMTt","chat_fqa_debug.md":"B7JivCJ1","chat_fqa_error.md":"BYl-DiQJ","chat_fqa_gpt.md":"CXUno58M","chat_fqa_version.md":"hpmuS-P7","chat_front_android.md":"DivLWMsA","chat_front_fastmnp.md":"713T5SFm","chat_front_ios.md":"Bfz3w-hr","chat_front_mnp.md":"B_GSP3hA","chat_front_oa.md":"DaTs9yzg","chat_index.md":"0Qy0gqSq","chat_third_sd.md":"sagTDo0p","index copy.md":"dE4OD-xp","index.md":"C3XPci5R","paper.md":"FMX12hHO","paper_config_alipay.md":"CHK3z4ES","paper_config_mj.md":"BRpnoOif","paper_config_open.md":"B-EDnRK2","paper_config_oss.md":"Dfx847Ik","paper_config_proxy.md":"CTdwK9UU","paper_config_sms.md":"Cwt4clKY","paper_config_wechatpay.md":"CzVZuDea","paper_deployment_bt.md":"CW3BOP5-","paper_deployment_demo.md":"CyI1xY7b","paper_deployment_docker.md":"DOarxQ2d","paper_deployment_general.md":"CINYXsUh","paper_develop_base.md":"C2yoDRWL","paper_develop_database.md":"Bg9Ay0k2","paper_develop_web.md":"B5ykliX8","paper_fqa_debug.md":"SBUMyeK5","paper_fqa_error.md":"DZvhSMo2","paper_fqa_gpt.md":"McZaW8iy","paper_fqa_version.md":"D00SYJoq","paper_front_oa.md":"CbnT0oC6","paper_index.md":"CgDNEb-c","paper_third_sd.md":"DKAEQ4Xl","preface.md":"BxhPSW7N","product_aigc_chat.md":"DsUTBVBN","product_aigc_paper.md":"ByXFzk-j","product_aigc_work.md":"Br6M0IC2","product_project_agent.md":"D-58Ecd9","product_project_auth.md":"ysvndQJr","product_project_contact.md":"BlXqfrXu","product_project_markdown.md":"DL-Mfkvq","product_project_product.md":"WKcn50tg","product_project_shop.md":"4ss0_-RS","readme.md":"A4yB6dwR","work.md":"gaQXCv5d","work_deployment_btdocke.md":"Cm-69Y18","work_deployment_demo.md":"Cvs2Lw2u","work_deployment_update.md":"oBKvAR8x","work_develop_base.md":"AUR61LGh","work_develop_database.md":"BlyHrGXo","work_develop_web.md":"fm4lzRaR","work_fqa_debug.md":"CEw75KeB","work_fqa_error.md":"D2t8dOg_","work_fqa_gpt.md":"BnWxXZGs","work_fqa_version.md":"B7-cICI2","work_front_fastmnp.md":"CBfAfedE","work_front_mnp.md":"CFDRB-6f","work_front_oa.md":"DRkhBKE3","work_index.md":"DyELqZVz","work_other_alipay.md":"DzTEY5lC","work_other_dalle.md":"yK0v42VF","work_other_open.md":"B0Gpd63l","work_other_oss.md":"DX4GmYJ5","work_other_proxy.md":"BlCD5QWr","work_other_sms.md":"BFW4NinA","work_other_wechatpay.md":"BKUtzBwp","work_third_chatglm.md":"L0-c_ADZ","work_third_lmstudio.md":"BeZkFfLe","work_third_m3e.md":"DThAXIn1","work_third_sd.md":"D0AChysk","work_third_wechat.md":"h02S8pgw"}
