{"chat.md":"BX57NB-P","chat_config_alipay.md":"k37gZtHy","chat_config_mj.md":"DinWv3SB","chat_config_open.md":"PCgef82z","chat_config_oss.md":"D4zjzjn5","chat_config_proxy.md":"C7B-lmqU","chat_config_sms.md":"BMnfZvS6","chat_config_wechatpay.md":"MtM905eq","chat_deployment_bt.md":"BPU82cAR","chat_deployment_demo.md":"Yk5At2_H","chat_deployment_docker.md":"B50P1i_y","chat_deployment_general.md":"DDJKUh6u","chat_develop_base.md":"CGYjaWmo","chat_develop_database.md":"DbZiBneQ","chat_develop_web.md":"gIHGD8-8","chat_fqa_debug.md":"DQEPAKwp","chat_fqa_error.md":"C__nuhGj","chat_fqa_gpt.md":"CT4R2hSz","chat_fqa_version.md":"-OSqXb9-","chat_front_android.md":"DFc64U2h","chat_front_fastmnp.md":"CH91eY2g","chat_front_ios.md":"B50lpIyh","chat_front_mnp.md":"BB24gMe3","chat_front_oa.md":"2tl_cpIk","chat_index.md":"Dyr7OlRs","chat_third_sd.md":"Dy-EOgnY","index copy.md":"Bi9KFwvp","index.md":"R2UDbOW9","paper.md":"DWEdokt7","paper_config_alipay.md":"BMWV-hC6","paper_config_open.md":"BbBzZNWB","paper_config_oss.md":"BMvwPFDf","paper_config_proxy.md":"D6KvU1wQ","paper_config_sms.md":"DcKoHc7n","paper_config_wechatpay.md":"CdqFIs1S","paper_deployment_bt.md":"DqijSZ7_","paper_deployment_demo.md":"Clxhg4C2","paper_deployment_general.md":"C9fdCAUM","paper_develop_base.md":"CLg_b5Hx","paper_develop_web.md":"DnyR7NPL","paper_fqa_debug.md":"DH7cMQsc","paper_fqa_error.md":"mNI0AVS3","paper_fqa_gpt.md":"rSU6SKWb","paper_fqa_version.md":"BDzGeEry","paper_front_oa.md":"DU7YUK0x","paper_index.md":"BQj8lr95","preface.md":"BmjTyFFD","product_aigc_chat.md":"BxA_NHeB","product_aigc_paper.md":"ush5vUDi","product_aigc_work.md":"DF59YCIg","product_project_agent.md":"BlaT4xzu","product_project_auth.md":"CLm-7opp","product_project_contact.md":"KWlCLnVx","product_project_markdown.md":"BTzMl8B8","product_project_product.md":"BWKZZrsA","product_project_shop.md":"COxRcWLs","readme.md":"BccNWhNh","work.md":"DizOYe7o","work_deployment_btdocke.md":"cClEZ9Jc","work_deployment_demo.md":"0tvX9N3n","work_deployment_update.md":"NrljdRHy","work_develop_base.md":"AXJMygan","work_develop_database.md":"BP6OAsdf","work_develop_web.md":"vNehN6g4","work_fqa_debug.md":"DliWgMBj","work_fqa_error.md":"C-esx-ZQ","work_fqa_gpt.md":"DUp8tmw_","work_fqa_version.md":"C2TT9-HO","work_front_fastmnp.md":"Bfp2A-rk","work_front_mnp.md":"Z0G7lrxo","work_front_oa.md":"BSPjmerQ","work_other_alipay.md":"BjCVxCtY","work_other_dalle.md":"BI4-4SrU","work_other_open.md":"tjAQY4E3","work_other_oss.md":"D8RGbiVD","work_other_proxy.md":"D0JhUD8_","work_other_sms.md":"BV-8pEJB","work_other_wechatpay.md":"By5Hq1CJ","work_third_chatglm.md":"DBq6eR5a","work_third_lmstudio.md":"Dfym4u_8","work_third_m3e.md":"BD64O9Sf","work_third_sd.md":"Cuwz3xcI","work_third_wechat.md":"D5RB-YAT"}
