{"chat.md":"jPM_XZfr","docs_chat_二次开发_前端开发.md":"C3O_Zx1l","docs_chat_二次开发_基本介绍.md":"Dk0_pTfc","docs_chat_二次开发_数据库结构.md":"B2XZ_A8g","docs_chat_二次开发_数据接口.md":"DOOpHzZS","docs_chat_其他配置_dalle绘画配置.md":"Lvwa1odk","docs_chat_其他配置_对象存储.md":"38MHjb-4","docs_chat_其他配置_微信开放平台.md":"Cv-m2K-W","docs_chat_其他配置_微信支付.md":"Drk5VVEx","docs_chat_其他配置_支付宝支付.md":"BkLbPQbJ","docs_chat_其他配置_短信配置.md":"FcVjRkEe","docs_chat_其他配置_自定义api域名代理.md":"Bd4QRARU","docs_chat_前端部署配置_后台上传微信小程序.md":"C8p1yxMr","docs_chat_前端部署配置_微信公众号.md":"DziCToQ1","docs_chat_前端部署配置_编译上传微信小程序.md":"Cf0Yk-Lu","docs_chat_常见问题_500错误.md":"C_cGqPNq","docs_chat_常见问题_gpt使用指南.md":"qbqfjv2m","docs_chat_常见问题_升级更新.md":"BvZVgrTN","docs_chat_常见问题_报错排查.md":"C0i5v1kb","docs_chat_服务端部署_api-examples.md":"CPwSpH7y","docs_chat_服务端部署_markdown-examples.md":"De0eR_Wy","docs_chat_服务端部署_work.md":"0vKBr0Pt","docs_chat_服务端部署_宝塔面板docker部署.md":"CS1d53eR","docs_chat_第三方部署_chatglm本地模型部署.md":"C-fOdejl","docs_chat_第三方部署_lmstudio（本地大模型）.md":"Jo8XchDT","docs_chat_第三方部署_m3e向量模型部署.md":"DYwMpEr5","docs_chat_第三方部署_sd绘图部署.md":"CmjhRDkE","docs_chat_第三方部署_企业微信.md":"BIZpwOxv","docs_paper_二次开发_前端开发.md":"BfflfvXa","docs_paper_二次开发_基本介绍.md":"Cj4ESkJY","docs_paper_二次开发_数据库结构.md":"vMk-AVXe","docs_paper_二次开发_数据接口.md":"BvxXDA7D","docs_paper_其他配置_dalle绘画配置.md":"CN53n1ji","docs_paper_其他配置_对象存储.md":"CG0oZrv7","docs_paper_其他配置_微信开放平台.md":"n2K-J892","docs_paper_其他配置_微信支付.md":"BNARI_J-","docs_paper_其他配置_支付宝支付.md":"D5mqyKql","docs_paper_其他配置_短信配置.md":"BeM0opH3","docs_paper_其他配置_自定义api域名代理.md":"DDf35wH4","docs_paper_前端部署配置_后台上传微信小程序.md":"DAFsTR3g","docs_paper_前端部署配置_微信公众号.md":"BjvlixfS","docs_paper_前端部署配置_编译上传微信小程序.md":"C-w_cIm8","docs_paper_常见问题_500错误.md":"BJeqqC-a","docs_paper_常见问题_gpt使用指南.md":"C5WYAZE1","docs_paper_常见问题_升级更新.md":"Czg_P3C7","docs_paper_常见问题_报错排查.md":"BR5GW9Zc","docs_paper_服务端部署_api-examples.md":"Egp7fTmJ","docs_paper_服务端部署_markdown-examples.md":"q9hmNT86","docs_paper_服务端部署_work.md":"DWt1mqsX","docs_paper_服务端部署_宝塔面板docker部署.md":"C6Xf1Inx","docs_paper_第三方部署_chatglm本地模型部署.md":"CB0PvQJ7","docs_paper_第三方部署_lmstudio（本地大模型）.md":"DBd_ka8A","docs_paper_第三方部署_m3e向量模型部署.md":"DppU7TZu","docs_paper_第三方部署_sd绘图部署.md":"CeEDIoPl","docs_paper_第三方部署_企业微信.md":"m8VHsKRH","docs_work_二次开发_前端开发.md":"Cx8tHy5z","docs_work_二次开发_基本介绍.md":"C1p6kt9Q","docs_work_二次开发_数据库结构.md":"CvOtD9du","docs_work_二次开发_数据接口.md":"Cxor4xsm","docs_work_其他配置_dalle绘画配置.md":"DQjbx_f_","docs_work_其他配置_对象存储.md":"BTflE632","docs_work_其他配置_微信开放平台.md":"Bi9L8dW5","docs_work_其他配置_微信支付.md":"Du1PLODP","docs_work_其他配置_支付宝支付.md":"WHEq6Wev","docs_work_其他配置_短信配置.md":"Bb0nVB_5","docs_work_其他配置_自定义api域名代理.md":"WjxwPFTA","docs_work_前端部署配置_后台上传微信小程序.md":"CGZsbnLK","docs_work_前端部署配置_微信公众号.md":"Ddcch8bp","docs_work_前端部署配置_编译上传微信小程序.md":"BlmhS-d0","docs_work_常见问题_500错误.md":"8--BloGH","docs_work_常见问题_gpt使用指南.md":"DcYWVuR3","docs_work_常见问题_报错排查.md":"CCQS-1yN","docs_work_服务端部署_api-examples.md":"DXX1PYJX","docs_work_服务端部署_markdown-examples.md":"Boiu5yUP","docs_work_服务端部署_work.md":"H9ZbIcUD","docs_work_服务端部署_宝塔面板docker部署.md":"CRs86_2N","docs_work_第三方部署_chatglm本地模型部署.md":"BD-4orgs","docs_work_第三方部署_lmstudio（本地大模型）.md":"C6TMZBKC","docs_work_第三方部署_m3e向量模型部署.md":"BAa2ftW_","docs_work_第三方部署_sd绘图部署.md":"CfAo_DSL","docs_work_第三方部署_企业微信.md":"Dr5La96o","docs_项目介绍_产品授权.md":"D_q9MR7x","docs_项目介绍_授权购买.md":"NHETEJJF","docs_项目介绍_联系我们.md":"B3juzcrt","docs_项目介绍_项目介绍.md":"CstG1lph","index copy.md":"BjjA3glp","index.md":"CzsifjaN","paper.md":"BOFFcpil","preface.md":"DyJqQv9T","project_api-examples.md":"CTzCfi8U","project_auth.md":"YGCtHTGC","project_contact.md":"Qhl2jd0s","project_project.md":"EXGXIfl6","project_purchase.md":"BPiPOad4","work.md":"BtinjFvM"}
