{"chat.md":"CnY5Yd33","chat_config_alipay.md":"CwjQGe3H","chat_config_mj.md":"k5AGrx8s","chat_config_open.md":"vbwRTlpw","chat_config_oss.md":"mnmKMhb3","chat_config_proxy.md":"C_-T5ChC","chat_config_sms.md":"BofovjOy","chat_config_wechatpay.md":"DFTbhPUm","chat_deployment_bt.md":"D6PPI5r6","chat_deployment_demo.md":"CYB8RamD","chat_deployment_docker.md":"DeLz5oIl","chat_deployment_general.md":"8Yr7KOZ4","chat_deployment_operations.md":"C11KlS6J","chat_deployment_update.md":"DVkeldp-","chat_develop_base.md":"CFGaHVb1","chat_develop_database.md":"669FnA20","chat_develop_web.md":"B8lf2an3","chat_fqa_debug.md":"COXk6QlM","chat_fqa_error.md":"Dp9lRpBu","chat_fqa_gpt.md":"Ds4wMQ92","chat_fqa_version.md":"DhpUhSbe","chat_front_android.md":"DZwzsTOE","chat_front_fastmnp.md":"CvV3ztku","chat_front_ios.md":"DCSAjNTO","chat_front_mnp.md":"Bi3rV9Fl","chat_front_oa.md":"jtaheosQ","chat_index.md":"DX2iKx3T","chat_third_sd.md":"BQKB5brC","demo.md":"CYmyVweZ","hd.md":"DpuDMlmK","human_config_alipay.md":"CX2brgX_","human_config_mj.md":"CY8YdimK","human_config_open.md":"CshqiMiB","human_config_oss.md":"vasaz-gP","human_config_proxy.md":"D54ogWpV","human_config_sms.md":"6YoiEsOp","human_config_wechatpay.md":"DYfSQTAG","human_deployment_bt.md":"DPvf8lFM","human_deployment_demo.md":"DbdDtnUT","human_deployment_docker.md":"Bf5rDs6M","human_deployment_general.md":"Dumqpycc","human_deployment_operations.md":"C2o41cFN","human_deployment_update.md":"C4Q6VYUn","human_develop_base.md":"BbwWyxhX","human_develop_database.md":"OpphRuG4","human_develop_index.md":"BI9ffiBU","human_develop_web.md":"XTN3-qzA","human_fqa_debug.md":"DVdCdsoC","human_fqa_error.md":"OMaCaBQw","human_fqa_gpt.md":"BQ7iGbM7","human_fqa_index.md":"CeOCkbQK","human_fqa_version.md":"CS1zVIhq","human_front_android.md":"D1_CjNs2","human_front_fastmnp.md":"bmsQ20q4","human_front_index.md":"B4mBAqLq","human_front_ios.md":"BOlKAjJu","human_front_mnp.md":"uHlvdeDr","human_front_oa.md":"CFWdEtwm","human_index.md":"DXXneYQ2","human_other_alipay.md":"DAfoswV4","human_other_open.md":"Csv7OQL-","human_other_wechatpay.md":"Cegcfg6G","human_third_index.md":"ypb-eCKz","human_third_sd.md":"x29BkG9A","index copy.md":"ZYZZ_w4A","index.md":"CiNK-4iK","paper.md":"B3gdSoW1","paper_config_alipay.md":"CyRynrvy","paper_config_open.md":"DoMAqvyZ","paper_config_oss.md":"bDGAklLF","paper_config_proxy.md":"ChFxGcYN","paper_config_sms.md":"C2YFimb7","paper_config_wechatpay.md":"lGldkNpp","paper_deployment_bt.md":"C3CcJi7p","paper_deployment_demo.md":"Dzpjac8a","paper_deployment_general.md":"ul2PfgtC","paper_develop_base.md":"AZ6QJiq3","paper_develop_web.md":"DW0uI3oG","paper_fqa_debug.md":"iGt5jpjL","paper_fqa_error.md":"BXnhy1wa","paper_fqa_gpt.md":"CnPIZXFt","paper_fqa_version.md":"Bj4cSb1R","paper_front_oa.md":"C2JiqrHx","paper_index.md":"CMMpjc8r","preface.md":"CbX1bL-r","product_aigc_chat.md":"By4GjLdG","product_aigc_demo.md":"DjQpzury","product_aigc_paper.md":"CB7yfFHE","product_aigc_work.md":"Df99crxt","product_project_agent.md":"0XeSm3fe","product_project_auth.md":"PizAdKq1","product_project_contact.md":"I7GMRMiA","product_project_demo.md":"iG5CQdKK","product_project_markdown.md":"BuFWvq9O","product_project_product.md":"B1ka1-zM","product_project_shop.md":"DGkPtIF_","readme.md":"D2xAjLB0","test.md":"BvoiVGT1","work.md":"1FfVV6Zi","work_deployment_btdocke.md":"C1EUzhAh","work_deployment_demo.md":"CNUDlBVV","work_deployment_operations.md":"Bmq6c_gt","work_deployment_update.md":"qLV6p1Bx","work_develop_base.md":"fVQw-zi7","work_develop_database.md":"BAO30KZX","work_develop_web.md":"DbnQ-6-A","work_fqa_debug.md":"CjligPTi","work_fqa_error.md":"lqpqCbcb","work_fqa_gpt.md":"6Rp9wyT-","work_fqa_operation.md":"Cw8yM3Q_","work_fqa_version.md":"DCKyxKy4","work_front_fastmnp.md":"twXDKwr-","work_front_mnp.md":"DBNvR4FU","work_front_oa.md":"1-sfLmiJ","work_java_bt_btdocke.md":"DMBX1nAX","work_java_bt_demo.md":"DY403QNR","work_java_bt_operations.md":"szyf4UCT","work_java_bt_update.md":"Lkp6ucGo","work_java_dev_base.md":"DkaqQFwq","work_java_dev_database.md":"BmJ0UNmF","work_java_dev_web.md":"BtxvND-9","work_java_fqa_debug.md":"NHJEnOxy","work_java_fqa_error.md":"DFuizNDO","work_java_fqa_gpt.md":"CvXgk2ou","work_java_fqa_operation.md":"DY9rkDIN","work_java_fqa_version.md":"CpzbFddC","work_java_front_fastmnp.md":"D_zVmj7Y","work_java_front_mnp.md":"DrlomGAj","work_java_front_oa.md":"CgEgLnXy","work_java_other_alipay.md":"Bbn6YHZ6","work_java_other_dalle.md":"CdLR4ppO","work_java_other_open.md":"BaW8J_7h","work_java_other_oss.md":"DjmLJuey","work_java_other_proxy.md":"ChxweQw4","work_java_other_sms.md":"eJS2Q9iU","work_java_other_wechatpay.md":"B_fKvAK6","work_java_third_chatglm.md":"sPwNfip_","work_java_third_lmstudio.md":"C4jLDWjU","work_java_third_m3e.md":"BWb8wa7U","work_java_third_sd.md":"eyP-ka7s","work_java_third_wechat.md":"BCojOQ09","work_other_alipay.md":"CxdA7ZHe","work_other_dalle.md":"C-87euKD","work_other_open.md":"B1ipdf3U","work_other_oss.md":"hQm5U4vx","work_other_proxy.md":"ZiRaz0BU","work_other_sms.md":"BqNIHHeI","work_other_wechatpay.md":"mqRziPdD","work_third_chatglm.md":"CnCGXbsS","work_third_lmstudio.md":"CbYppvBv","work_third_m3e.md":"C6Asn6HO","work_third_sd.md":"ePDCcD_j","work_third_wechat.md":"BNKVYtje"}
