{"chat.md":"CnY5Yd33","chat_config_alipay.md":"CwjQGe3H","chat_config_mj.md":"k5AGrx8s","chat_config_open.md":"vbwRTlpw","chat_config_oss.md":"mnmKMhb3","chat_config_proxy.md":"C_-T5ChC","chat_config_sms.md":"BofovjOy","chat_config_wechatpay.md":"DFTbhPUm","chat_deployment_bt.md":"D6PPI5r6","chat_deployment_demo.md":"CYB8RamD","chat_deployment_docker.md":"DeLz5oIl","chat_deployment_general.md":"8Yr7KOZ4","chat_deployment_operations.md":"C11KlS6J","chat_deployment_update.md":"DVkeldp-","chat_develop_base.md":"CFGaHVb1","chat_develop_database.md":"669FnA20","chat_develop_web.md":"B8lf2an3","chat_fqa_debug.md":"COXk6QlM","chat_fqa_error.md":"Dp9lRpBu","chat_fqa_gpt.md":"Ds4wMQ92","chat_fqa_version.md":"DhpUhSbe","chat_front_android.md":"DZwzsTOE","chat_front_fastmnp.md":"CvV3ztku","chat_front_ios.md":"DCSAjNTO","chat_front_mnp.md":"Bi3rV9Fl","chat_front_oa.md":"jtaheosQ","chat_index.md":"DPUMaPT4","chat_third_sd.md":"BQKB5brC","demo.md":"DEEp3eLE","hd.md":"DpuDMlmK","human_config_alipay.md":"CX2brgX_","human_config_mj.md":"CY8YdimK","human_config_open.md":"CshqiMiB","human_config_oss.md":"vasaz-gP","human_config_proxy.md":"D54ogWpV","human_config_sms.md":"6YoiEsOp","human_config_wechatpay.md":"DYfSQTAG","human_deployment_bt.md":"C31WzF6x","human_deployment_demo.md":"DbdDtnUT","human_deployment_docker.md":"Bf5rDs6M","human_deployment_general.md":"Dumqpycc","human_deployment_operations.md":"C2o41cFN","human_deployment_update.md":"C4Q6VYUn","human_develop_base.md":"BbwWyxhX","human_develop_database.md":"OpphRuG4","human_develop_index.md":"BI9ffiBU","human_develop_web.md":"XTN3-qzA","human_fqa_debug.md":"DVdCdsoC","human_fqa_error.md":"OMaCaBQw","human_fqa_gpt.md":"BQ7iGbM7","human_fqa_index.md":"CeOCkbQK","human_fqa_version.md":"CS1zVIhq","human_front_android.md":"D1_CjNs2","human_front_fastmnp.md":"iqbqSnwl","human_front_index.md":"B4mBAqLq","human_front_ios.md":"BOlKAjJu","human_front_mnp.md":"B58lOXJa","human_front_oa.md":"CFWdEtwm","human_index.md":"Bb8Y0o6U","human_other_alipay.md":"DAfoswV4","human_other_open.md":"Csv7OQL-","human_other_wechatpay.md":"Cegcfg6G","human_third_index.md":"ypb-eCKz","human_third_sd.md":"x29BkG9A","index copy.md":"Do_sGQq1","index.md":"BJhY5KIb","paper.md":"B3gdSoW1","paper_config_alipay.md":"C9hsFaZY","paper_config_open.md":"WhfhEqzj","paper_config_oss.md":"DoTj4aCj","paper_config_proxy.md":"ChFxGcYN","paper_config_sms.md":"BVtiz2q-","paper_config_wechatpay.md":"DfStr0QZ","paper_deployment_bt.md":"DObvyVfi","paper_deployment_demo.md":"Dzpjac8a","paper_deployment_general.md":"ul2PfgtC","paper_develop_base.md":"AZ6QJiq3","paper_develop_web.md":"DW0uI3oG","paper_fqa_debug.md":"iGt5jpjL","paper_fqa_error.md":"BXnhy1wa","paper_fqa_gpt.md":"CnPIZXFt","paper_fqa_version.md":"Bj4cSb1R","paper_front_oa.md":"C2JiqrHx","paper_index.md":"CMMpjc8r","preface.md":"CbX1bL-r","product_aigc_chat.md":"By4GjLdG","product_aigc_demo.md":"Cwp9mtqn","product_aigc_paper.md":"CB7yfFHE","product_aigc_work.md":"Df99crxt","product_project_agent.md":"ByXHyv53","product_project_auth.md":"BCm5_eSo","product_project_contact.md":"JvgIyJ8u","product_project_demo.md":"BWTBW4qc","product_project_markdown.md":"BuFWvq9O","product_project_product.md":"EAVzyf1y","product_project_shop.md":"lSwL8Mub","readme.md":"D2xAjLB0","test.md":"V1jQKj3V","work.md":"1FfVV6Zi","work_deployment_btdocke.md":"C1EUzhAh","work_deployment_demo.md":"Dd3fZW0Q","work_deployment_operations.md":"Bmq6c_gt","work_deployment_update.md":"qLV6p1Bx","work_develop_base.md":"fVQw-zi7","work_develop_database.md":"BAO30KZX","work_develop_web.md":"DbnQ-6-A","work_fqa_debug.md":"CjligPTi","work_fqa_error.md":"lqpqCbcb","work_fqa_gpt.md":"6Rp9wyT-","work_fqa_operation.md":"Cw8yM3Q_","work_fqa_version.md":"DCKyxKy4","work_front_fastmnp.md":"twXDKwr-","work_front_mnp.md":"DBNvR4FU","work_front_oa.md":"1-sfLmiJ","work_java_bt_btdocke.md":"f9Fx6Oog","work_java_bt_demo.md":"CABr3UGs","work_java_bt_operations.md":"BTcC5tMo","work_java_bt_update.md":"Tapg7VBM","work_java_dev_base.md":"S7NKKH0h","work_java_dev_database.md":"CaSuHRnt","work_java_dev_web.md":"BZMKCZG6","work_java_fqa_debug.md":"Dd8PHhrV","work_java_fqa_error.md":"Bx6b49NM","work_java_fqa_gpt.md":"-ndDkzAk","work_java_fqa_operation.md":"7RJi33It","work_java_fqa_version.md":"DE2hNKcs","work_java_front_fastmnp.md":"BI5D3r54","work_java_front_mnp.md":"CwHAdh2j","work_java_front_oa.md":"5Rk6NshU","work_java_other_alipay.md":"bGgPlg_n","work_java_other_dalle.md":"DCJoWcwz","work_java_other_open.md":"COGzzCyY","work_java_other_oss.md":"KMH9MTx_","work_java_other_proxy.md":"Bz4GRBrW","work_java_other_sms.md":"DNTZsH2-","work_java_other_wechatpay.md":"CCDa9GsR","work_java_third_chatglm.md":"DebSU_BI","work_java_third_lmstudio.md":"B3vaeooT","work_java_third_m3e.md":"DecPV6rC","work_java_third_sd.md":"BD7dJUVB","work_java_third_wechat.md":"tZOTOzk7","work_other_alipay.md":"CxdA7ZHe","work_other_dalle.md":"C-87euKD","work_other_open.md":"B1ipdf3U","work_other_oss.md":"B6K36nYW","work_other_proxy.md":"ZiRaz0BU","work_other_sms.md":"CT6pPOxJ","work_other_wechatpay.md":"mqRziPdD","work_third_chatglm.md":"CnCGXbsS","work_third_lmstudio.md":"CbYppvBv","work_third_m3e.md":"C6Asn6HO","work_third_sd.md":"ePDCcD_j","work_third_wechat.md":"BNKVYtje"}
